,Country,Year,Rate
10,Albania,1970,6.8
11,Albania,1971,7.0
12,Albania,1972,7.2
13,Albania,1973,8.0
14,Albania,1975,7.8
15,Albania,1976,7.6
16,Albania,1977,7.9
17,Albania,1978,8.0
18,Albania,1979,8.2
19,Albania,1980,8.1
20,Albania,1981,8.5
21,Albania,1982,9.0
22,Albania,1983,9.0
23,Albania,1984,9.1
24,Albania,1985,8.5
25,Albania,1986,8.5
26,Albania,1987,8.9
27,Albania,1988,9.0
28,Albania,1989,8.6
29,Albania,1990,8.9
30,Albania,1991,7.7
31,Albania,1992,8.3
32,Albania,1993,8.1
33,Albania,1994,8.6
34,Albania,1995,8.3
35,Albania,1996,8.4
36,Albania,1997,7.2
37,Albania,1998,8.3
38,Albania,1999,8.5
39,Albania,2000,8.4
40,Albania,2001,8.4
41,Albania,2002,8.5
42,Albania,2003,8.8
43,Albania,2004,6.7
44,Albania,2005,6.9
45,Albania,2006,6.8
46,Albania,2007,7.1
47,Albania,2008,6.7
48,Albania,2013,8.2
49,Albania,2014,8.2
50,Albania,2015,8.7
51,Albania,2016,7.8
52,Albania,2017,7.9
112,Australia,1970,9.3
113,Australia,1980,7.4
114,Australia,1981,7.6
115,Australia,1982,7.7
116,Australia,1983,7.5
117,Australia,1984,7.0
118,Australia,1985,7.3
119,Australia,1986,7.2
120,Australia,1987,7.0
121,Australia,1988,7.1
122,Australia,1989,7.0
123,Australia,1990,6.9
124,Australia,1991,6.6
125,Australia,1992,6.6
126,Australia,1993,6.4
127,Australia,1994,6.2
128,Australia,1995,6.1
129,Australia,1996,5.8
130,Australia,1997,5.8
131,Australia,1998,5.9
132,Australia,1999,6.0
133,Australia,2000,5.9
134,Australia,2001,5.3
135,Australia,2002,5.4
136,Australia,2003,5.3
137,Australia,2004,5.5
138,Australia,2005,5.4
139,Australia,2006,5.5
140,Australia,2007,5.5
141,Australia,2008,5.5
142,Australia,2009,5.5
143,Australia,2010,5.4
144,Australia,2011,5.4
145,Australia,2012,5.4
146,Australia,2013,5.1
147,Australia,2014,5.2
148,Australia,2015,4.8
149,Australia,2016,4.9
150,Australia,2017,4.6
161,Austria,1970,7.1
162,Austria,1971,6.4
163,Austria,1972,7.6
164,Austria,1973,6.5
165,Austria,1974,6.5
166,Austria,1975,6.1
167,Austria,1976,6.0
168,Austria,1977,6.0
169,Austria,1978,5.9
170,Austria,1979,6.0
171,Austria,1980,6.2
172,Austria,1981,6.3
173,Austria,1982,6.3
174,Austria,1983,7.4
175,Austria,1984,6.1
176,Austria,1985,5.9
177,Austria,1986,6.1
178,Austria,1987,10.1
179,Austria,1988,4.7
180,Austria,1989,5.6
181,Austria,1990,5.9
182,Austria,1991,5.7
183,Austria,1992,5.8
184,Austria,1993,5.7
185,Austria,1994,5.5
186,Austria,1995,5.4
187,Austria,1996,5.3
188,Austria,1997,5.2
189,Austria,1998,4.9
190,Austria,1999,4.9
191,Austria,2000,4.9
192,Austria,2001,4.3
193,Austria,2002,4.5
194,Austria,2003,4.6
195,Austria,2004,4.7
196,Austria,2005,4.8
197,Austria,2006,4.5
198,Austria,2007,4.3
199,Austria,2008,4.2
200,Austria,2009,4.3
201,Austria,2010,4.5
202,Austria,2011,4.3
203,Austria,2012,4.6
204,Austria,2013,4.3
205,Austria,2014,4.4
206,Austria,2015,5.1
207,Austria,2016,5.1
208,Austria,2017,5.1
272,Belgium,1970,7.6
273,Belgium,1971,7.6
274,Belgium,1972,7.7
275,Belgium,1973,7.6
276,Belgium,1974,7.5
277,Belgium,1975,7.3
278,Belgium,1976,7.2
279,Belgium,1977,7.0
280,Belgium,1978,6.8
281,Belgium,1979,6.6
282,Belgium,1980,6.7
283,Belgium,1981,6.5
284,Belgium,1982,6.3
285,Belgium,1983,6.1
286,Belgium,1984,6.0
287,Belgium,1985,5.8
288,Belgium,1986,5.8
289,Belgium,1987,5.7
290,Belgium,1988,6.0
291,Belgium,1989,6.4
292,Belgium,1990,6.5
293,Belgium,1991,6.1
294,Belgium,1992,5.8
295,Belgium,1993,5.4
296,Belgium,1994,5.1
297,Belgium,1995,5.1
298,Belgium,1996,5.0
299,Belgium,1997,4.7
300,Belgium,1998,4.4
301,Belgium,1999,4.3
302,Belgium,2000,4.4
303,Belgium,2001,4.1
304,Belgium,2002,3.9
305,Belgium,2003,4.0
306,Belgium,2004,4.2
307,Belgium,2005,4.1
308,Belgium,2006,4.2
309,Belgium,2007,4.3
310,Belgium,2008,4.3
311,Belgium,2009,4.0
312,Belgium,2010,3.9
313,Belgium,2011,3.7
314,Belgium,2012,3.8
315,Belgium,2013,3.4
316,Belgium,2014,3.6
317,Belgium,2015,4.0
318,Belgium,2016,3.9
319,Belgium,2017,3.9
408,Bulgaria,1970,8.6
409,Bulgaria,1971,8.2
410,Bulgaria,1972,8.2
411,Bulgaria,1973,8.6
412,Bulgaria,1974,8.5
413,Bulgaria,1975,8.6
414,Bulgaria,1976,8.4
415,Bulgaria,1977,8.5
416,Bulgaria,1978,8.1
417,Bulgaria,1979,7.9
418,Bulgaria,1980,7.9
419,Bulgaria,1981,7.5
420,Bulgaria,1982,7.5
421,Bulgaria,1983,7.5
422,Bulgaria,1984,7.3
423,Bulgaria,1985,7.4
424,Bulgaria,1986,7.3
425,Bulgaria,1987,7.2
426,Bulgaria,1988,7.0
427,Bulgaria,1989,7.1
428,Bulgaria,1990,6.9
429,Bulgaria,1991,5.7
430,Bulgaria,1992,5.2
431,Bulgaria,1993,4.7
432,Bulgaria,1994,4.5
433,Bulgaria,1995,4.4
434,Bulgaria,1996,4.3
435,Bulgaria,1997,4.2
436,Bulgaria,1998,4.3
437,Bulgaria,1999,4.1
438,Bulgaria,2000,4.3
439,Bulgaria,2001,4.0
440,Bulgaria,2002,3.7
441,Bulgaria,2003,3.9
442,Bulgaria,2004,4.0
443,Bulgaria,2005,4.4
444,Bulgaria,2006,4.3
445,Bulgaria,2007,3.9
446,Bulgaria,2008,3.7
447,Bulgaria,2009,3.5
448,Bulgaria,2010,3.3
449,Bulgaria,2011,2.9
450,Bulgaria,2012,2.9
451,Bulgaria,2013,3.0
452,Bulgaria,2014,3.4
453,Bulgaria,2015,3.9
454,Bulgaria,2016,3.8
455,Bulgaria,2017,4.0
466,Canada,1970,8.8
467,Canada,1971,8.9
468,Canada,1972,9.2
469,Canada,1973,9.0
470,Canada,1974,8.9
471,Canada,1975,8.7
472,Canada,1976,8.4
473,Canada,1977,8.0
474,Canada,1978,7.9
475,Canada,1979,7.8
476,Canada,1980,7.8
477,Canada,1981,7.7
478,Canada,1982,7.5
479,Canada,1983,7.3
480,Canada,1984,7.2
481,Canada,1985,7.1
482,Canada,1986,6.7
483,Canada,1987,6.9
484,Canada,1988,7.0
485,Canada,1989,7.0
486,Canada,1990,6.8
487,Canada,1991,6.1
488,Canada,1992,5.8
489,Canada,1993,5.6
490,Canada,1994,5.5
491,Canada,1995,5.5
492,Canada,1996,5.3
493,Canada,1997,5.1
494,Canada,1998,5.1
495,Canada,1999,5.1
496,Canada,2000,5.1
497,Canada,2001,4.7
498,Canada,2002,4.7
499,Canada,2003,4.7
500,Canada,2004,4.6
501,Canada,2005,4.6
502,Canada,2006,4.6
503,Canada,2007,4.5
504,Canada,2008,4.4
630,Croatia,1970,8.5
631,Croatia,1971,8.5
632,Croatia,1972,8.5
633,Croatia,1973,8.3
634,Croatia,1974,8.0
635,Croatia,1975,8.0
636,Croatia,1976,7.7
637,Croatia,1977,7.8
638,Croatia,1978,7.8
639,Croatia,1979,7.4
640,Croatia,1980,7.2
641,Croatia,1981,7.3
642,Croatia,1982,7.2
643,Croatia,1983,7.1
644,Croatia,1984,6.9
645,Croatia,1985,6.6
646,Croatia,1986,6.5
647,Croatia,1987,6.6
648,Croatia,1988,6.2
649,Croatia,1989,6.1
650,Croatia,1990,5.8
651,Croatia,1991,4.6
652,Croatia,1992,4.8
653,Croatia,1993,5.0
654,Croatia,1994,5.2
655,Croatia,1995,5.3
656,Croatia,1996,5.4
657,Croatia,1997,5.4
658,Croatia,1998,5.3
659,Croatia,1999,5.3
660,Croatia,2000,4.9
661,Croatia,2001,5.1
662,Croatia,2002,5.3
663,Croatia,2003,5.2
664,Croatia,2004,5.3
665,Croatia,2005,5.1
666,Croatia,2006,5.1
667,Croatia,2007,5.4
668,Croatia,2008,5.4
669,Croatia,2009,5.2
670,Croatia,2010,5.0
671,Croatia,2011,4.7
672,Croatia,2012,4.8
673,Croatia,2013,4.5
674,Croatia,2014,4.6
675,Croatia,2015,4.7
676,Croatia,2016,4.9
677,Croatia,2017,4.9
689,Cyprus,1970,8.6
690,Cyprus,1971,9.6
691,Cyprus,1972,6.6
692,Cyprus,1973,8.8
693,Cyprus,1974,5.4
694,Cyprus,1975,11.2
695,Cyprus,1976,7.1
696,Cyprus,1977,10.1
697,Cyprus,1978,10.0
698,Cyprus,1979,12.6
699,Cyprus,1980,7.7
700,Cyprus,1981,11.5
701,Cyprus,1982,10.8
702,Cyprus,1983,11.7
703,Cyprus,1984,7.7
704,Cyprus,1985,10.5
705,Cyprus,1986,9.4
706,Cyprus,1987,10.8
707,Cyprus,1988,7.0
708,Cyprus,1989,9.9
709,Cyprus,1990,9.7
710,Cyprus,1991,10.5
711,Cyprus,1992,8.0
712,Cyprus,1993,9.7
713,Cyprus,1994,9.7
714,Cyprus,1995,10.2
715,Cyprus,1996,8.7
716,Cyprus,1997,10.7
717,Cyprus,1998,11.4
718,Cyprus,1999,13.2
719,Cyprus,2000,13.4
720,Cyprus,2001,15.1
721,Cyprus,2002,14.5
722,Cyprus,2003,7.7
723,Cyprus,2004,7.3
724,Cyprus,2005,8.0
725,Cyprus,2006,7.0
726,Cyprus,2007,8.3
727,Cyprus,2008,7.8
728,Cyprus,2009,7.8
729,Cyprus,2010,7.3
730,Cyprus,2011,7.3
731,Cyprus,2012,6.7
732,Cyprus,2013,6.4
733,Cyprus,2014,6.3
734,Cyprus,2015,7.2
735,Cyprus,2016,7.5
736,Cyprus,2017,6.8
747,Czechia,1970,9.2
748,Czechia,1971,9.3
749,Czechia,1972,9.7
750,Czechia,1973,10.0
751,Czechia,1974,9.8
752,Czechia,1975,9.7
753,Czechia,1976,9.4
754,Czechia,1977,9.1
755,Czechia,1978,8.8
756,Czechia,1979,8.2
757,Czechia,1980,7.6
758,Czechia,1981,7.5
759,Czechia,1982,7.5
760,Czechia,1983,7.8
761,Czechia,1984,7.9
762,Czechia,1985,7.8
763,Czechia,1986,7.9
764,Czechia,1987,8.1
765,Czechia,1988,7.9
766,Czechia,1989,7.8
767,Czechia,1990,8.8
768,Czechia,1991,7.0
769,Czechia,1992,7.2
770,Czechia,1993,6.4
771,Czechia,1994,5.7
772,Czechia,1995,5.3
773,Czechia,1996,5.2
774,Czechia,1997,5.6
775,Czechia,1998,5.3
776,Czechia,1999,5.2
777,Czechia,2000,5.4
778,Czechia,2001,5.1
779,Czechia,2002,5.2
780,Czechia,2003,4.8
781,Czechia,2004,5.0
782,Czechia,2005,5.1
783,Czechia,2006,5.2
784,Czechia,2007,5.5
785,Czechia,2008,5.1
786,Czechia,2009,4.6
787,Czechia,2010,4.5
788,Czechia,2011,4.3
789,Czechia,2012,4.3
790,Czechia,2013,4.1
791,Czechia,2014,4.3
792,Czechia,2015,4.6
793,Czechia,2016,4.8
794,Czechia,2017,5.0
805,Denmark,1970,7.4
806,Denmark,1971,6.6
807,Denmark,1972,6.2
808,Denmark,1973,6.1
809,Denmark,1974,6.6
810,Denmark,1975,6.3
811,Denmark,1976,6.1
812,Denmark,1977,6.3
813,Denmark,1978,5.6
814,Denmark,1979,5.4
815,Denmark,1980,5.2
816,Denmark,1981,5.0
817,Denmark,1982,4.8
818,Denmark,1983,5.3
819,Denmark,1984,5.6
820,Denmark,1985,5.7
821,Denmark,1986,6.0
822,Denmark,1987,6.1
823,Denmark,1988,6.3
824,Denmark,1989,6.0
825,Denmark,1990,6.1
826,Denmark,1991,6.0
827,Denmark,1992,6.2
828,Denmark,1993,6.1
829,Denmark,1994,6.8
830,Denmark,1995,6.6
831,Denmark,1996,6.8
832,Denmark,1997,6.5
833,Denmark,1998,6.5
834,Denmark,1999,6.7
835,Denmark,2000,7.2
836,Denmark,2001,6.8
837,Denmark,2002,6.9
838,Denmark,2003,6.5
839,Denmark,2004,7.0
840,Denmark,2005,6.7
841,Denmark,2006,6.7
842,Denmark,2007,6.7
843,Denmark,2008,6.8
844,Denmark,2009,6.0
845,Denmark,2010,5.6
846,Denmark,2011,4.9
847,Denmark,2012,5.1
848,Denmark,2013,4.9
849,Denmark,2014,5.0
850,Denmark,2015,5.1
851,Denmark,2016,5.4
852,Denmark,2017,5.5
891,Estonia,1970,9.1
892,Estonia,1971,9.1
893,Estonia,1972,8.5
894,Estonia,1973,8.7
895,Estonia,1974,8.7
896,Estonia,1975,8.7
897,Estonia,1976,8.6
898,Estonia,1977,8.7
899,Estonia,1978,8.6
900,Estonia,1979,8.7
901,Estonia,1980,8.8
902,Estonia,1981,8.6
903,Estonia,1982,8.2
904,Estonia,1983,8.6
905,Estonia,1984,8.3
906,Estonia,1985,8.4
907,Estonia,1986,8.4
908,Estonia,1987,8.7
909,Estonia,1988,8.3
910,Estonia,1989,8.1
911,Estonia,1990,7.5
912,Estonia,1991,6.6
913,Estonia,1992,5.8
914,Estonia,1993,5.2
915,Estonia,1994,5.0
916,Estonia,1995,4.9
917,Estonia,1996,3.9
918,Estonia,1997,4.0
919,Estonia,1998,3.9
920,Estonia,1999,4.0
921,Estonia,2000,3.9
922,Estonia,2001,4.1
923,Estonia,2002,4.2
924,Estonia,2003,4.2
925,Estonia,2004,4.4
926,Estonia,2005,4.5
927,Estonia,2006,5.2
928,Estonia,2007,5.2
929,Estonia,2008,4.6
930,Estonia,2009,4.0
931,Estonia,2010,3.8
932,Estonia,2011,4.1
933,Estonia,2012,4.5
934,Estonia,2013,4.3
935,Estonia,2014,4.7
936,Estonia,2015,5.2
937,Estonia,2016,4.8
938,Estonia,2017,4.9
950,European Union (28 countries),1970,7.9
951,European Union (28 countries),1971,7.9
952,European Union (28 countries),1972,7.9
953,European Union (28 countries),1973,7.8
954,European Union (28 countries),1974,7.7
955,European Union (28 countries),1975,7.7
956,European Union (28 countries),1976,7.4
957,European Union (28 countries),1977,7.3
958,European Union (28 countries),1978,7.1
959,European Union (28 countries),1979,7.0
960,European Union (28 countries),1980,6.8
961,European Union (28 countries),1981,6.6
962,European Union (28 countries),1982,6.5
963,European Union (28 countries),1983,6.4
964,European Union (28 countries),1984,6.3
965,European Union (28 countries),1985,6.2
966,European Union (28 countries),1986,6.2
967,European Union (28 countries),1987,6.3
968,European Union (28 countries),1988,6.2
969,European Union (28 countries),1989,6.5
970,European Union (28 countries),1990,6.3
971,European Union (28 countries),1991,5.9
972,European Union (28 countries),1992,5.7
973,European Union (28 countries),1993,5.5
974,European Union (28 countries),1994,5.3
975,European Union (28 countries),1997,5.2
976,European Union (28 countries),1998,5.1
977,European Union (28 countries),1999,5.2
978,European Union (28 countries),2000,5.2
979,European Union (28 countries),2001,4.9
980,European Union (28 countries),2002,4.9
981,European Union (28 countries),2003,4.9
982,European Union (28 countries),2007,4.9
983,European Union (28 countries),2008,4.8
984,European Union (28 countries),2009,4.5
985,European Union (28 countries),2010,4.4
986,European Union (28 countries),2011,4.2
987,European Union (28 countries),2013,4.1
988,European Union (28 countries),2014,4.2
989,European Union (28 countries),2015,4.3
990,European Union (28 countries),2016,4.4
1014,Finland,1970,8.8
1015,Finland,1971,8.2
1016,Finland,1972,7.6
1017,Finland,1973,7.5
1018,Finland,1974,7.4
1019,Finland,1975,6.7
1020,Finland,1976,6.8
1021,Finland,1977,6.5
1022,Finland,1978,6.3
1023,Finland,1979,6.1
1024,Finland,1980,6.1
1025,Finland,1981,6.3
1026,Finland,1982,6.3
1027,Finland,1983,6.1
1028,Finland,1984,5.8
1029,Finland,1985,5.3
1030,Finland,1986,5.2
1031,Finland,1987,5.3
1032,Finland,1988,5.2
1033,Finland,1989,4.9
1034,Finland,1990,5.0
1035,Finland,1991,4.9
1036,Finland,1992,4.7
1037,Finland,1993,4.9
1038,Finland,1994,4.9
1039,Finland,1995,4.6
1040,Finland,1997,4.6
1041,Finland,1998,4.7
1042,Finland,1999,4.7
1043,Finland,2000,5.1
1044,Finland,2001,4.8
1045,Finland,2002,5.2
1046,Finland,2003,5.0
1047,Finland,2004,5.6
1048,Finland,2005,5.6
1049,Finland,2006,5.4
1050,Finland,2007,5.6
1051,Finland,2008,5.8
1052,Finland,2009,5.6
1053,Finland,2010,5.6
1054,Finland,2011,5.3
1055,Finland,2012,5.3
1056,Finland,2013,4.6
1057,Finland,2014,4.5
1058,Finland,2015,4.5
1059,Finland,2016,4.5
1060,Finland,2017,4.8
1061,France,1970,7.800000191
1062,France,1985,4.900000095
1063,France,1994,4.4
1064,France,1995,4.4
1065,France,1996,4.8
1066,France,1997,4.9
1067,France,1998,4.6
1068,France,1999,4.9
1069,France,2000,5.0
1070,France,2001,4.8
1071,France,2002,4.6
1072,France,2003,4.6
1073,France,2004,4.5
1074,France,2005,4.5
1075,France,2006,4.3
1076,France,2007,4.3
1077,France,2008,4.1
1078,France,2009,3.9
1079,France,2010,3.9
1080,France,2011,3.6
1081,France,2012,3.7
1082,France,2013,3.6
1083,France,2014,3.6
1084,France,2015,3.6
1085,France,2016,3.5
1086,France,2017,3.5
1097,France (metropolitan),1970,7.8
1098,France (metropolitan),1971,7.9
1099,France (metropolitan),1972,8.1
1100,France (metropolitan),1973,7.7
1101,France (metropolitan),1974,7.5
1102,France (metropolitan),1975,7.4
1103,France (metropolitan),1976,7.1
1104,France (metropolitan),1977,6.9
1105,France (metropolitan),1978,6.6
1106,France (metropolitan),1979,6.4
1107,France (metropolitan),1980,6.2
1108,France (metropolitan),1981,5.8
1109,France (metropolitan),1982,5.7
1110,France (metropolitan),1983,5.5
1111,France (metropolitan),1984,5.1
1112,France (metropolitan),1985,4.9
1113,France (metropolitan),1986,4.8
1114,France (metropolitan),1987,4.8
1115,France (metropolitan),1988,4.8
1116,France (metropolitan),1989,5.0
1117,France (metropolitan),1990,5.1
1118,France (metropolitan),1991,4.9
1119,France (metropolitan),1992,4.7
1120,France (metropolitan),1993,4.4
1121,France (metropolitan),1994,4.4
1122,France (metropolitan),1995,4.4
1123,France (metropolitan),1996,4.8
1124,France (metropolitan),1997,4.9
1125,France (metropolitan),1998,4.6
1126,France (metropolitan),1999,4.9
1127,France (metropolitan),2000,5.0
1128,France (metropolitan),2001,4.8
1129,France (metropolitan),2002,4.7
1130,France (metropolitan),2003,4.6
1131,France (metropolitan),2004,4.5
1132,France (metropolitan),2005,4.5
1133,France (metropolitan),2006,4.3
1134,France (metropolitan),2007,4.3
1135,France (metropolitan),2008,4.2
1136,France (metropolitan),2009,3.9
1137,France (metropolitan),2010,3.9
1138,France (metropolitan),2011,3.7
1139,France (metropolitan),2012,3.7
1175,Germany,1970,7.4
1176,Germany,1971,7.2
1177,Germany,1972,7.0
1178,Germany,1973,6.7
1179,Germany,1974,6.5
1180,Germany,1975,6.7
1181,Germany,1976,6.5
1182,Germany,1977,6.5
1183,Germany,1978,6.0
1184,Germany,1979,6.2
1185,Germany,1980,6.3
1186,Germany,1981,6.2
1187,Germany,1982,6.2
1188,Germany,1983,6.3
1189,Germany,1984,6.4
1190,Germany,1985,6.4
1191,Germany,1986,6.6
1192,Germany,1987,6.7
1193,Germany,1988,6.8
1194,Germany,1989,6.7
1195,Germany,1990,6.5
1196,Germany,1991,5.7
1197,Germany,1992,5.6
1198,Germany,1993,5.5
1199,Germany,1994,5.4
1200,Germany,1995,5.3
1201,Germany,1996,5.2
1202,Germany,1997,5.2
1203,Germany,1998,5.1
1204,Germany,1999,5.2
1205,Germany,2000,5.1
1206,Germany,2001,4.7
1207,Germany,2002,4.6
1208,Germany,2003,4.6
1209,Germany,2004,4.8
1210,Germany,2005,4.7
1211,Germany,2006,4.5
1212,Germany,2007,4.5
1213,Germany,2008,4.6
1214,Germany,2009,4.6
1215,Germany,2010,4.7
1216,Germany,2011,4.6
1217,Germany,2012,4.8
1218,Germany,2013,4.6
1219,Germany,2014,4.8
1220,Germany,2015,4.9
1221,Germany,2016,5.0
1222,Germany,2017,4.9
1238,Greece,1970,7.7
1239,Greece,1971,8.3
1240,Greece,1972,6.8
1241,Greece,1973,8.3
1242,Greece,1974,7.6
1243,Greece,1975,8.5
1244,Greece,1976,6.9
1245,Greece,1977,8.2
1246,Greece,1978,7.7
1247,Greece,1979,8.3
1248,Greece,1980,6.5
1249,Greece,1981,7.3
1250,Greece,1982,6.9
1251,Greece,1983,7.2
1252,Greece,1984,5.5
1253,Greece,1985,6.4
1254,Greece,1986,5.8
1255,Greece,1987,6.6
1256,Greece,1988,4.8
1257,Greece,1989,6.1
1258,Greece,1990,5.8
1259,Greece,1991,6.4
1260,Greece,1992,4.7
1261,Greece,1993,5.9
1262,Greece,1994,5.4
1263,Greece,1995,6.1
1264,Greece,1996,4.3
1265,Greece,1997,5.6
1266,Greece,1998,5.1
1267,Greece,1999,5.6
1268,Greece,2000,4.5
1269,Greece,2001,5.3
1270,Greece,2002,5.3
1271,Greece,2003,5.5
1272,Greece,2004,4.6
1273,Greece,2005,5.5
1274,Greece,2006,5.2
1275,Greece,2007,5.5
1276,Greece,2008,4.8
1277,Greece,2009,5.3
1278,Greece,2010,5.1
1279,Greece,2011,5.0
1280,Greece,2012,4.5
1281,Greece,2013,4.7
1282,Greece,2014,4.9
1283,Greece,2015,5.0
1284,Greece,2016,4.6
1285,Greece,2017,4.7
1334,Hungary,1970,9.3
1335,Hungary,1971,9.1
1336,Hungary,1972,9.4
1337,Hungary,1973,9.7
1338,Hungary,1974,9.5
1339,Hungary,1975,9.8
1340,Hungary,1976,9.5
1341,Hungary,1977,9.1
1342,Hungary,1978,8.7
1343,Hungary,1979,8.1
1344,Hungary,1980,7.5
1345,Hungary,1981,7.2
1346,Hungary,1982,7.1
1347,Hungary,1983,7.1
1348,Hungary,1984,7.0
1349,Hungary,1985,6.9
1350,Hungary,1986,6.8
1351,Hungary,1987,6.2
1352,Hungary,1988,6.2
1353,Hungary,1989,6.4
1354,Hungary,1990,6.4
1355,Hungary,1991,5.9
1356,Hungary,1992,5.5
1357,Hungary,1993,5.2
1358,Hungary,1994,5.2
1359,Hungary,1995,5.2
1360,Hungary,1996,4.7
1361,Hungary,1997,4.6
1362,Hungary,1998,4.4
1363,Hungary,1999,4.4
1364,Hungary,2000,4.7
1365,Hungary,2001,4.3
1366,Hungary,2002,4.5
1367,Hungary,2003,4.5
1368,Hungary,2004,4.3
1369,Hungary,2005,4.4
1370,Hungary,2006,4.4
1371,Hungary,2007,4.1
1372,Hungary,2008,4.0
1373,Hungary,2009,3.7
1374,Hungary,2010,3.6
1375,Hungary,2011,3.6
1376,Hungary,2012,3.6
1377,Hungary,2013,3.7
1378,Hungary,2014,3.9
1379,Hungary,2015,4.7
1380,Hungary,2016,5.3
1381,Hungary,2017,5.2
1392,Iceland,1970,7.8
1393,Iceland,1971,7.9
1394,Iceland,1972,8.1
1395,Iceland,1973,8.3
1396,Iceland,1974,8.8
1397,Iceland,1975,7.7
1398,Iceland,1976,7.5
1399,Iceland,1977,7.1
1400,Iceland,1978,7.1
1401,Iceland,1979,6.4
1402,Iceland,1980,5.7
1403,Iceland,1981,5.9
1404,Iceland,1982,5.6
1405,Iceland,1983,5.9
1406,Iceland,1984,5.9
1407,Iceland,1985,5.2
1408,Iceland,1986,5.1
1409,Iceland,1987,4.7
1410,Iceland,1988,5.2
1411,Iceland,1989,4.7
1412,Iceland,1990,4.5
1413,Iceland,1991,4.8
1414,Iceland,1992,4.8
1415,Iceland,1993,4.6
1416,Iceland,1994,4.9
1417,Iceland,1995,4.6
1418,Iceland,1996,5.0
1419,Iceland,1997,5.5
1420,Iceland,1998,5.6
1421,Iceland,1999,5.6
1422,Iceland,2000,6.3
1423,Iceland,2001,5.2
1424,Iceland,2002,5.6
1425,Iceland,2003,5.1
1426,Iceland,2004,5.0
1427,Iceland,2005,5.4
1428,Iceland,2006,5.5
1429,Iceland,2007,5.5
1430,Iceland,2008,5.2
1431,Iceland,2009,4.6
1432,Iceland,2010,4.9
1433,Iceland,2011,4.6
1512,Israel,1970,8.9
1513,Israel,1985,6.9
1514,Israel,1986,7.0
1515,Israel,1987,6.9
1516,Israel,1988,7.0
1517,Israel,1989,7.1
1518,Israel,1990,6.8
1519,Israel,1991,6.5
1520,Israel,1992,6.4
1521,Israel,1993,6.6
1522,Israel,1994,6.7
1523,Israel,1995,6.5
1524,Israel,1996,6.3
1525,Israel,1997,6.5
1526,Israel,1998,6.7
1527,Israel,1999,6.6
1528,Israel,2000,6.4
1529,Israel,2001,6.3
1530,Israel,2002,6.2
1531,Israel,2003,6.1
1532,Israel,2004,5.9
1533,Israel,2005,5.9
1534,Israel,2006,6.3
1535,Israel,2007,6.5
1536,Israel,2008,6.8
1537,Israel,2009,6.5
1538,Israel,2010,6.3
1539,Israel,2011,6.6
1540,Israel,2012,6.4
1541,Israel,2013,6.5
1542,Israel,2014,6.2
1543,Israel,2015,6.4
1544,Israel,2016,6.2
1555,Italy,1970,7.3
1556,Italy,1971,7.5
1557,Italy,1972,7.7
1558,Italy,1973,7.6
1559,Italy,1974,7.3
1560,Italy,1975,6.7
1561,Italy,1976,6.4
1562,Italy,1977,6.2
1563,Italy,1978,5.9
1564,Italy,1979,5.8
1565,Italy,1980,5.7
1566,Italy,1981,5.6
1567,Italy,1982,5.5
1568,Italy,1983,5.4
1569,Italy,1984,5.3
1570,Italy,1985,5.3
1571,Italy,1986,5.3
1572,Italy,1987,5.4
1573,Italy,1988,5.6
1574,Italy,1989,5.7
1575,Italy,1990,5.6
1576,Italy,1991,5.5
1577,Italy,1992,5.5
1578,Italy,1993,5.3
1579,Italy,1994,5.1
1580,Italy,1995,5.1
1581,Italy,1996,4.9
1582,Italy,1997,4.9
1583,Italy,1998,4.9
1584,Italy,1999,4.9
1585,Italy,2000,5.0
1586,Italy,2001,4.6
1587,Italy,2002,4.7
1588,Italy,2003,4.6
1589,Italy,2004,4.3
1590,Italy,2005,4.3
1591,Italy,2006,4.2
1592,Italy,2007,4.3
1593,Italy,2008,4.2
1594,Italy,2009,3.9
1595,Italy,2010,3.7
1596,Italy,2011,3.4
1597,Italy,2012,3.5
1598,Italy,2013,3.2
1599,Italy,2014,3.1
1600,Italy,2015,3.2
1601,Italy,2016,3.4
1602,Italy,2017,3.2
1616,Japan,1970,10.0
1617,Japan,1971,10.5
1618,Japan,1972,10.4
1619,Japan,1973,9.9
1620,Japan,1974,9.1
1621,Japan,1975,8.5
1622,Japan,1976,7.8
1623,Japan,1977,7.2
1624,Japan,1978,6.9
1625,Japan,1979,6.8
1626,Japan,1980,6.7
1627,Japan,1981,6.6
1628,Japan,1982,6.6
1629,Japan,1983,6.4
1630,Japan,1984,6.2
1631,Japan,1985,6.1
1632,Japan,1986,5.9
1633,Japan,1987,5.7
1634,Japan,1988,5.8
1635,Japan,1989,5.8
1636,Japan,1990,5.9
1637,Japan,1991,6.0
1638,Japan,1992,6.1
1639,Japan,1993,6.4
1640,Japan,1994,6.3
1641,Japan,1995,6.4
1642,Japan,1996,6.4
1643,Japan,1997,6.2
1644,Japan,1998,6.3
1645,Japan,1999,6.1
1646,Japan,2000,6.4
1647,Japan,2001,6.4
1648,Japan,2002,6.0
1649,Japan,2003,5.9
1650,Japan,2004,5.7
1651,Japan,2005,5.7
1652,Japan,2006,5.8
1653,Japan,2007,5.7
1654,Japan,2008,5.8
1655,Japan,2009,5.6
1656,Japan,2010,5.5
1657,Japan,2011,5.2
1658,Japan,2012,5.3
1659,Japan,2013,5.3
1660,Japan,2014,5.1
1661,Japan,2015,5.1
1662,Japan,2016,5.0
1663,Japan,2017,4.9
1707,Latvia,1970,10.2
1708,Latvia,1971,10.0
1709,Latvia,1972,9.4
1710,Latvia,1973,9.8
1711,Latvia,1974,10.0
1712,Latvia,1975,10.0
1713,Latvia,1976,9.6
1714,Latvia,1977,10.0
1715,Latvia,1978,10.2
1716,Latvia,1979,10.0
1717,Latvia,1980,9.8
1718,Latvia,1981,9.8
1719,Latvia,1982,9.7
1720,Latvia,1983,9.5
1721,Latvia,1984,9.2
1722,Latvia,1985,9.3
1723,Latvia,1986,9.7
1724,Latvia,1987,9.7
1725,Latvia,1988,9.5
1726,Latvia,1989,9.2
1727,Latvia,1990,8.9
1728,Latvia,1991,8.4
1729,Latvia,1992,7.2
1730,Latvia,1993,5.7
1731,Latvia,1994,4.6
1732,Latvia,1995,4.5
1733,Latvia,1996,3.9
1734,Latvia,1997,4.0
1735,Latvia,1998,4.0
1736,Latvia,1999,3.9
1737,Latvia,2000,3.9
1738,Latvia,2001,4.0
1739,Latvia,2002,4.2
1740,Latvia,2003,4.4
1741,Latvia,2004,4.6
1742,Latvia,2005,5.6
1743,Latvia,2006,6.6
1744,Latvia,2007,7.0
1745,Latvia,2008,5.9
1746,Latvia,2009,4.6
1747,Latvia,2010,4.4
1748,Latvia,2011,5.2
1749,Latvia,2012,5.5
1750,Latvia,2013,5.7
1751,Latvia,2014,6.3
1752,Latvia,2015,6.9
1753,Latvia,2016,6.6
1754,Latvia,2017,6.8
1827,Lithuania,1970,9.5
1828,Lithuania,1971,9.2
1829,Lithuania,1972,8.8
1830,Lithuania,1973,8.8
1831,Lithuania,1974,8.8
1832,Lithuania,1975,9.0
1833,Lithuania,1976,9.0
1834,Lithuania,1977,9.2
1835,Lithuania,1978,9.1
1836,Lithuania,1979,9.4
1837,Lithuania,1980,9.2
1838,Lithuania,1981,9.1
1839,Lithuania,1982,9.4
1840,Lithuania,1983,9.6
1841,Lithuania,1984,9.7
1842,Lithuania,1985,9.7
1843,Lithuania,1986,9.9
1844,Lithuania,1987,9.7
1845,Lithuania,1988,9.6
1846,Lithuania,1989,9.4
1847,Lithuania,1990,9.8
1848,Lithuania,1991,9.2
1849,Lithuania,1992,8.1
1850,Lithuania,1993,6.4
1851,Lithuania,1994,6.4
1852,Lithuania,1995,6.1
1853,Lithuania,1996,5.7
1854,Lithuania,1997,5.3
1855,Lithuania,1998,5.2
1856,Lithuania,1999,5.1
1857,Lithuania,2000,4.8
1858,Lithuania,2001,4.5
1859,Lithuania,2002,4.7
1860,Lithuania,2003,5.0
1861,Lithuania,2004,5.7
1862,Lithuania,2005,6.0
1863,Lithuania,2006,6.5
1864,Lithuania,2007,7.1
1865,Lithuania,2008,7.5
1866,Lithuania,2009,6.5
1867,Lithuania,2010,6.0
1868,Lithuania,2011,6.3
1869,Lithuania,2012,6.9
1870,Lithuania,2013,6.9
1871,Lithuania,2014,7.6
1872,Lithuania,2015,7.6
1873,Lithuania,2016,7.4
1874,Lithuania,2017,7.5
1885,Luxembourg,1970,6.4
1886,Luxembourg,1971,6.5
1887,Luxembourg,1972,6.6
1888,Luxembourg,1973,5.9
1889,Luxembourg,1974,6.2
1890,Luxembourg,1975,6.8
1891,Luxembourg,1976,6.2
1892,Luxembourg,1977,6.2
1893,Luxembourg,1978,5.9
1894,Luxembourg,1979,5.7
1895,Luxembourg,1980,5.9
1896,Luxembourg,1981,5.4
1897,Luxembourg,1982,5.7
1898,Luxembourg,1983,5.4
1899,Luxembourg,1984,5.4
1900,Luxembourg,1985,5.4
1901,Luxembourg,1986,5.1
1902,Luxembourg,1987,5.3
1903,Luxembourg,1988,5.6
1904,Luxembourg,1989,5.8
1905,Luxembourg,1990,6.1
1906,Luxembourg,1991,6.7
1907,Luxembourg,1992,6.4
1908,Luxembourg,1993,6.0
1909,Luxembourg,1994,5.8
1910,Luxembourg,1995,5.1
1911,Luxembourg,1996,5.1
1912,Luxembourg,1997,4.8
1913,Luxembourg,1998,4.8
1914,Luxembourg,1999,4.9
1915,Luxembourg,2000,4.9
1916,Luxembourg,2001,4.5
1917,Luxembourg,2002,4.5
1918,Luxembourg,2003,4.4
1919,Luxembourg,2004,4.4
1920,Luxembourg,2005,4.4
1921,Luxembourg,2006,4.1
1922,Luxembourg,2007,4.1
1923,Luxembourg,2008,3.9
1924,Luxembourg,2009,3.5
1925,Luxembourg,2010,3.5
1926,Luxembourg,2011,3.3
1927,Luxembourg,2012,3.4
1928,Luxembourg,2013,3.2
1929,Luxembourg,2014,3.0
1930,Luxembourg,2015,3.6
1931,Luxembourg,2016,3.2
1932,Luxembourg,2017,3.2
2013,Mexico,1970,7.0
2014,Mexico,1980,7.1
2015,Mexico,1985,7.4
2016,Mexico,1990,7.4
2017,Mexico,1991,7.4
2018,Mexico,1992,7.4
2019,Mexico,1993,7.2
2020,Mexico,1994,7.2
2021,Mexico,1995,7.0
2022,Mexico,1996,7.0
2023,Mexico,1997,7.3
2024,Mexico,1998,7.2
2025,Mexico,1999,7.5
2026,Mexico,2000,7.0
2027,Mexico,2001,6.5
2028,Mexico,2002,6.0
2029,Mexico,2003,5.6
2030,Mexico,2004,5.7
2031,Mexico,2005,5.6
2032,Mexico,2006,5.4
2033,Mexico,2007,5.4
2034,Mexico,2008,5.3
2035,Mexico,2009,5.0
2036,Mexico,2010,5.0
2037,Mexico,2011,4.9
2038,Mexico,2012,5.0
2039,Mexico,2013,4.9
2040,Mexico,2014,4.8
2041,Mexico,2015,4.6
2042,Mexico,2016,4.4
2043,Mexico,2017,4.3
2099,Netherlands,1970,9.5
2100,Netherlands,1971,9.3
2101,Netherlands,1972,8.8
2102,Netherlands,1973,8.0
2103,Netherlands,1974,8.1
2104,Netherlands,1975,7.3
2105,Netherlands,1976,7.0
2106,Netherlands,1977,6.7
2107,Netherlands,1978,6.4
2108,Netherlands,1979,6.1
2109,Netherlands,1980,6.4
2110,Netherlands,1981,6.0
2111,Netherlands,1982,5.8
2112,Netherlands,1983,5.4
2113,Netherlands,1984,5.6
2114,Netherlands,1985,5.7
2115,Netherlands,1986,6.0
2116,Netherlands,1987,6.0
2117,Netherlands,1988,6.0
2118,Netherlands,1989,6.2
2119,Netherlands,1990,6.5
2120,Netherlands,1991,6.4
2121,Netherlands,1992,6.2
2122,Netherlands,1993,5.8
2123,Netherlands,1994,5.4
2124,Netherlands,1995,5.3
2125,Netherlands,1996,5.5
2126,Netherlands,1997,5.4
2127,Netherlands,1998,5.5
2128,Netherlands,1999,5.7
2129,Netherlands,2000,5.5
2130,Netherlands,2001,5.0
2131,Netherlands,2002,5.2
2132,Netherlands,2003,4.9
2133,Netherlands,2004,4.4
2134,Netherlands,2005,4.4
2135,Netherlands,2006,4.4
2136,Netherlands,2007,4.3
2137,Netherlands,2008,4.5
2138,Netherlands,2009,4.4
2139,Netherlands,2010,4.5
2140,Netherlands,2011,4.3
2141,Netherlands,2012,4.2
2142,Netherlands,2013,3.8
2143,Netherlands,2014,3.9
2144,Netherlands,2015,3.8
2145,Netherlands,2016,3.8
2146,Netherlands,2017,3.8
2167,New Zealand,1970,9.2
2168,New Zealand,1971,9.5
2169,New Zealand,1972,9.2
2170,New Zealand,1973,8.8
2171,New Zealand,1974,8.4
2172,New Zealand,1975,7.9
2173,New Zealand,1976,7.7
2174,New Zealand,1977,7.2
2175,New Zealand,1978,7.1
2176,New Zealand,1979,7.1
2177,New Zealand,1980,7.3
2178,New Zealand,1981,7.5
2179,New Zealand,1982,8.0
2180,New Zealand,1983,7.7
2181,New Zealand,1984,7.8
2182,New Zealand,1985,7.5
2183,New Zealand,1986,7.3
2184,New Zealand,1987,7.4
2185,New Zealand,1988,7.1
2186,New Zealand,1989,6.8
2187,New Zealand,1990,6.9
2188,New Zealand,1991,6.3
2189,New Zealand,1992,5.9
2190,New Zealand,1993,5.8
2191,New Zealand,1994,5.7
2192,New Zealand,1995,5.6
2193,New Zealand,1996,5.5
2194,New Zealand,1997,5.3
2195,New Zealand,1998,5.3
2196,New Zealand,1999,5.5
2197,New Zealand,2000,5.4
2198,New Zealand,2001,5.1
2199,New Zealand,2002,5.2
2200,New Zealand,2003,5.3
2201,New Zealand,2004,5.1
2202,New Zealand,2005,5.0
2203,New Zealand,2006,5.2
2204,New Zealand,2007,5.2
2205,New Zealand,2008,5.2
2206,New Zealand,2009,5.1
2207,New Zealand,2010,4.9
2208,New Zealand,2011,4.7
2209,New Zealand,2012,4.7
2210,New Zealand,2013,4.4
2211,New Zealand,2014,4.4
2212,New Zealand,2015,4.3
2213,New Zealand,2016,4.3
2214,New Zealand,2017,4.3
2239,North Macedonia,1970,9.0
2240,North Macedonia,1971,8.9
2241,North Macedonia,1972,8.9
2242,North Macedonia,1973,8.9
2243,North Macedonia,1974,8.7
2244,North Macedonia,1975,8.9
2245,North Macedonia,1976,8.4
2246,North Macedonia,1977,8.6
2247,North Macedonia,1978,8.6
2248,North Macedonia,1979,8.7
2249,North Macedonia,1980,8.5
2250,North Macedonia,1981,8.5
2251,North Macedonia,1982,8.6
2252,North Macedonia,1983,8.3
2253,North Macedonia,1984,8.1
2254,North Macedonia,1985,8.1
2255,North Macedonia,1986,8.0
2256,North Macedonia,1987,8.1
2257,North Macedonia,1988,7.8
2258,North Macedonia,1989,8.0
2259,North Macedonia,1990,8.3
2260,North Macedonia,1991,8.1
2261,North Macedonia,1992,7.7
2262,North Macedonia,1993,7.5
2263,North Macedonia,1994,8.1
2264,North Macedonia,1995,8.1
2265,North Macedonia,1996,7.1
2266,North Macedonia,1997,7.0
2267,North Macedonia,1998,7.0
2268,North Macedonia,1999,7.0
2269,North Macedonia,2000,7.0
2270,North Macedonia,2001,6.5
2271,North Macedonia,2002,7.1
2272,North Macedonia,2003,7.1
2273,North Macedonia,2004,6.9
2274,North Macedonia,2005,7.1
2275,North Macedonia,2006,7.3
2276,North Macedonia,2007,7.6
2277,North Macedonia,2008,7.2
2278,North Macedonia,2009,7.3
2279,North Macedonia,2010,6.9
2280,North Macedonia,2011,7.2
2281,North Macedonia,2012,6.8
2282,North Macedonia,2013,6.8
2283,North Macedonia,2014,6.7
2284,North Macedonia,2015,6.8
2285,North Macedonia,2016,6.4
2286,North Macedonia,2017,6.6
2300,Norway,1970,7.6
2301,Norway,1971,7.6
2302,Norway,1972,7.3
2303,Norway,1973,7.1
2304,Norway,1974,6.9
2305,Norway,1975,6.5
2306,Norway,1976,6.3
2307,Norway,1977,5.9
2308,Norway,1978,5.8
2309,Norway,1979,5.7
2310,Norway,1980,5.4
2311,Norway,1981,5.4
2312,Norway,1982,5.3
2313,Norway,1983,5.0
2314,Norway,1984,5.0
2315,Norway,1985,4.9
2316,Norway,1986,4.9
2317,Norway,1987,5.0
2318,Norway,1988,5.2
2319,Norway,1989,4.9
2320,Norway,1990,5.2
2321,Norway,1991,4.7
2322,Norway,1992,4.5
2323,Norway,1993,4.5
2324,Norway,1994,4.8
2325,Norway,1995,5.0
2326,Norway,1996,5.3
2327,Norway,1997,5.4
2328,Norway,1998,5.3
2329,Norway,1999,5.3
2330,Norway,2000,5.0
2331,Norway,2001,4.4
2332,Norway,2002,4.5
2333,Norway,2003,4.9
2334,Norway,2004,4.1
2335,Norway,2005,4.8
2336,Norway,2006,4.7
2337,Norway,2007,5.0
2338,Norway,2008,5.3
2339,Norway,2009,5.0
2340,Norway,2010,4.8
2341,Norway,2011,4.6
2342,Norway,2012,4.8
2343,Norway,2013,4.7
2344,Norway,2014,4.6
2345,Norway,2015,4.5
2346,Norway,2016,4.5
2347,Norway,2017,4.4
2383,Poland,1970,8.6
2384,Poland,1971,8.9
2385,Poland,1972,9.3
2386,Poland,1973,9.4
2387,Poland,1974,9.5
2388,Poland,1975,9.7
2389,Poland,1976,9.5
2390,Poland,1977,9.4
2391,Poland,1978,9.4
2392,Poland,1979,9.0
2393,Poland,1980,8.6
2394,Poland,1981,9.0
2395,Poland,1982,8.7
2396,Poland,1983,8.4
2397,Poland,1984,7.7
2398,Poland,1985,7.2
2399,Poland,1986,6.9
2400,Poland,1987,6.7
2401,Poland,1988,6.5
2402,Poland,1989,6.7
2403,Poland,1990,6.7
2404,Poland,1991,6.1
2405,Poland,1992,5.7
2406,Poland,1993,5.4
2407,Poland,1994,5.4
2408,Poland,1995,5.4
2409,Poland,1996,5.3
2410,Poland,1997,5.3
2411,Poland,1998,5.4
2412,Poland,1999,5.7
2413,Poland,2000,5.5
2414,Poland,2001,5.1
2415,Poland,2002,5.0
2416,Poland,2003,5.1
2417,Poland,2004,5.0
2418,Poland,2005,5.4
2419,Poland,2006,5.9
2420,Poland,2007,6.5
2421,Poland,2008,6.8
2422,Poland,2009,6.6
2423,Poland,2010,6.0
2424,Poland,2011,5.4
2425,Poland,2012,5.4
2426,Poland,2013,4.7
2427,Poland,2014,5.0
2428,Poland,2015,5.0
2429,Poland,2016,5.1
2430,Poland,2017,5.1
2441,Portugal,1970,9.4
2442,Portugal,1971,9.7
2443,Portugal,1972,9.0
2444,Portugal,1973,9.8
2445,Portugal,1974,9.3
2446,Portugal,1975,11.3
2447,Portugal,1976,10.9
2448,Portugal,1977,9.7
2449,Portugal,1978,8.5
2450,Portugal,1979,8.3
2451,Portugal,1980,7.4
2452,Portugal,1981,7.7
2453,Portugal,1982,7.4
2454,Portugal,1983,7.5
2455,Portugal,1984,7.0
2456,Portugal,1985,6.8
2457,Portugal,1986,6.9
2458,Portugal,1987,7.1
2459,Portugal,1988,7.1
2460,Portugal,1989,7.3
2461,Portugal,1990,7.2
2462,Portugal,1991,7.2
2463,Portugal,1992,7.0
2464,Portugal,1993,6.8
2465,Portugal,1994,6.6
2466,Portugal,1995,6.6
2467,Portugal,1996,6.3
2468,Portugal,1997,6.5
2469,Portugal,1998,6.6
2470,Portugal,1999,6.7
2471,Portugal,2000,6.2
2472,Portugal,2001,5.6
2473,Portugal,2002,5.4
2474,Portugal,2003,5.1
2475,Portugal,2004,4.7
2476,Portugal,2005,4.6
2477,Portugal,2006,4.5
2478,Portugal,2007,4.4
2479,Portugal,2008,4.1
2480,Portugal,2009,3.8
2481,Portugal,2010,3.8
2482,Portugal,2011,3.4
2483,Portugal,2012,3.3
2484,Portugal,2013,3.1
2485,Portugal,2014,3.0
2486,Portugal,2015,3.1
2487,Portugal,2016,3.1
2488,Portugal,2017,3.3
2514,Romania,1970,7.2
2515,Romania,1971,7.3
2516,Romania,1972,7.6
2517,Romania,1973,8.2
2518,Romania,1974,8.3
2519,Romania,1975,8.8
2520,Romania,1976,9.1
2521,Romania,1977,9.2
2522,Romania,1978,9.2
2523,Romania,1979,9.0
2524,Romania,1980,8.2
2525,Romania,1981,8.2
2526,Romania,1982,7.7
2527,Romania,1983,7.3
2528,Romania,1984,7.2
2529,Romania,1985,7.1
2530,Romania,1986,7.3
2531,Romania,1987,7.3
2532,Romania,1988,7.5
2533,Romania,1989,7.7
2534,Romania,1990,8.3
2535,Romania,1991,8.0
2536,Romania,1992,7.7
2537,Romania,1993,7.1
2538,Romania,1994,6.8
2539,Romania,1995,6.8
2540,Romania,1996,6.6
2541,Romania,1997,6.5
2542,Romania,1998,6.5
2543,Romania,1999,6.2
2544,Romania,2000,6.1
2545,Romania,2001,5.9
2546,Romania,2002,5.9
2547,Romania,2003,6.2
2548,Romania,2004,6.7
2549,Romania,2005,6.7
2550,Romania,2006,6.9
2551,Romania,2007,9.1
2552,Romania,2008,7.3
2553,Romania,2009,6.6
2554,Romania,2010,5.7
2555,Romania,2011,5.2
2556,Romania,2012,5.4
2557,Romania,2013,5.4
2558,Romania,2014,5.9
2559,Romania,2015,6.3
2560,Romania,2016,6.8
2561,Romania,2017,7.3
2650,Slovakia,1970,7.9
2651,Slovakia,1971,8.4
2652,Slovakia,1972,8.7
2653,Slovakia,1973,9.0
2654,Slovakia,1974,9.0
2655,Slovakia,1975,9.2
2656,Slovakia,1976,9.2
2657,Slovakia,1977,9.2
2658,Slovakia,1978,9.0
2659,Slovakia,1979,8.6
2660,Slovakia,1980,7.9
2661,Slovakia,1981,7.8
2662,Slovakia,1982,8.0
2663,Slovakia,1983,7.9
2664,Slovakia,1984,7.7
2665,Slovakia,1985,7.5
2666,Slovakia,1986,7.4
2667,Slovakia,1987,7.4
2668,Slovakia,1988,7.1
2669,Slovakia,1989,6.9
2670,Slovakia,1990,7.6
2671,Slovakia,1991,6.2
2672,Slovakia,1992,6.4
2673,Slovakia,1993,5.8
2674,Slovakia,1994,5.3
2675,Slovakia,1995,5.1
2676,Slovakia,1996,5.1
2677,Slovakia,1997,5.2
2678,Slovakia,1998,5.1
2679,Slovakia,1999,5.1
2680,Slovakia,2000,4.8
2681,Slovakia,2001,4.4
2682,Slovakia,2002,4.7
2683,Slovakia,2003,4.8
2684,Slovakia,2004,5.2
2685,Slovakia,2005,4.9
2686,Slovakia,2006,4.8
2687,Slovakia,2007,5.1
2688,Slovakia,2008,5.3
2689,Slovakia,2009,4.9
2690,Slovakia,2010,4.7
2691,Slovakia,2011,4.7
2692,Slovakia,2012,4.8
2693,Slovakia,2013,4.7
2694,Slovakia,2014,4.9
2695,Slovakia,2015,5.3
2696,Slovakia,2016,5.5
2697,Slovakia,2017,5.8
2708,Slovenia,1970,8.3
2709,Slovenia,1971,8.2
2710,Slovenia,1972,9.0
2711,Slovenia,1973,8.9
2712,Slovenia,1974,8.7
2713,Slovenia,1975,8.6
2714,Slovenia,1976,8.3
2715,Slovenia,1977,8.2
2716,Slovenia,1978,8.4
2717,Slovenia,1979,7.6
2718,Slovenia,1980,6.5
2719,Slovenia,1981,6.4
2720,Slovenia,1982,6.1
2721,Slovenia,1983,6.2
2722,Slovenia,1984,5.9
2723,Slovenia,1985,5.4
2724,Slovenia,1986,5.4
2725,Slovenia,1987,5.2
2726,Slovenia,1988,4.6
2727,Slovenia,1989,4.9
2728,Slovenia,1990,4.3
2729,Slovenia,1991,4.1
2730,Slovenia,1992,4.6
2731,Slovenia,1993,4.5
2732,Slovenia,1994,4.2
2733,Slovenia,1995,4.1
2734,Slovenia,1996,3.8
2735,Slovenia,1997,3.8
2736,Slovenia,1998,3.8
2737,Slovenia,1999,3.9
2738,Slovenia,2000,3.6
2739,Slovenia,2001,3.5
2740,Slovenia,2002,3.5
2741,Slovenia,2003,3.4
2742,Slovenia,2004,3.3
2743,Slovenia,2005,2.9
2744,Slovenia,2006,3.2
2745,Slovenia,2007,3.2
2746,Slovenia,2008,3.3
2747,Slovenia,2009,3.2
2748,Slovenia,2010,3.2
2749,Slovenia,2011,3.2
2750,Slovenia,2012,3.4
2751,Slovenia,2013,3.0
2752,Slovenia,2014,3.2
2753,Slovenia,2015,3.1
2754,Slovenia,2016,3.2
2755,Slovenia,2017,3.1
2759,South Korea,1970,9.2
2760,South Korea,1971,7.3
2761,South Korea,1972,7.3
2762,South Korea,1973,7.6
2763,South Korea,1974,7.5
2764,South Korea,1975,8.0
2765,South Korea,1976,8.0
2766,South Korea,1977,8.3
2767,South Korea,1978,9.3
2768,South Korea,1979,9.4
2769,South Korea,1980,10.6
2770,South Korea,1981,10.5
2771,South Korea,1982,9.9
2772,South Korea,1983,10.3
2773,South Korea,1984,9.5
2774,South Korea,1985,9.4
2775,South Korea,1986,9.5
2776,South Korea,1987,9.4
2777,South Korea,1988,9.8
2778,South Korea,1989,9.7
2779,South Korea,1990,9.3
2780,South Korea,1991,9.6
2781,South Korea,1992,9.6
2782,South Korea,1993,9.0
2783,South Korea,1994,8.7
2784,South Korea,1995,8.7
2785,South Korea,1996,9.4
2786,South Korea,1997,8.4
2787,South Korea,1998,8.0
2788,South Korea,1999,7.6
2789,South Korea,2000,7.0
2790,South Korea,2001,6.7
2791,South Korea,2002,6.3
2792,South Korea,2003,6.3
2793,South Korea,2004,6.4
2794,South Korea,2005,6.5
2795,South Korea,2006,6.8
2796,South Korea,2007,7.0
2797,South Korea,2008,6.6
2798,South Korea,2009,6.2
2799,South Korea,2010,6.5
2800,South Korea,2011,6.6
2801,South Korea,2012,6.5
2802,South Korea,2013,6.4
2803,South Korea,2014,6.0
2804,South Korea,2015,5.9
2805,South Korea,2016,5.5
2806,South Korea,2017,5.2
2817,Spain,1970,7.3
2818,Spain,1971,7.4
2819,Spain,1972,7.6
2820,Spain,1973,7.7
2821,Spain,1974,7.6
2822,Spain,1975,7.6
2823,Spain,1976,7.3
2824,Spain,1977,7.2
2825,Spain,1978,7.0
2826,Spain,1979,6.6
2827,Spain,1980,5.9
2828,Spain,1981,5.4
2829,Spain,1982,5.1
2830,Spain,1983,5.1
2831,Spain,1984,5.2
2832,Spain,1985,5.2
2833,Spain,1986,5.4
2834,Spain,1987,5.6
2835,Spain,1988,5.7
2836,Spain,1989,5.7
2837,Spain,1990,5.7
2838,Spain,1991,5.6
2839,Spain,1992,5.6
2840,Spain,1993,5.1
2841,Spain,1994,5.1
2842,Spain,1995,5.1
2843,Spain,1996,4.9
2844,Spain,1997,5.0
2845,Spain,1998,5.2
2846,Spain,1999,5.2
2847,Spain,2000,5.4
2848,Spain,2001,5.1
2849,Spain,2002,5.1
2850,Spain,2003,5.0
2851,Spain,2004,5.0
2852,Spain,2005,4.7
2853,Spain,2006,4.5
2854,Spain,2007,4.4
2855,Spain,2008,4.2
2856,Spain,2009,3.7
2857,Spain,2010,3.6
2858,Spain,2011,3.4
2859,Spain,2012,3.5
2860,Spain,2013,3.3
2861,Spain,2014,3.4
2862,Spain,2015,3.6
2863,Spain,2016,3.7
2864,Spain,2017,3.7
2885,Sweden,1970,5.4
2886,Sweden,1971,4.9
2887,Sweden,1972,4.8
2888,Sweden,1973,4.7
2889,Sweden,1974,5.5
2890,Sweden,1975,5.4
2891,Sweden,1976,5.4
2892,Sweden,1977,4.9
2893,Sweden,1978,4.6
2894,Sweden,1979,4.5
2895,Sweden,1980,4.5
2896,Sweden,1981,4.5
2897,Sweden,1982,4.5
2898,Sweden,1983,4.3
2899,Sweden,1984,4.4
2900,Sweden,1985,4.6
2901,Sweden,1986,4.6
2902,Sweden,1987,4.9
2903,Sweden,1988,5.2
2904,Sweden,1989,12.8
2905,Sweden,1990,4.7
2906,Sweden,1991,4.3
2907,Sweden,1992,4.3
2908,Sweden,1993,3.9
2909,Sweden,1994,3.9
2910,Sweden,1995,3.799999952
2911,Sweden,1996,3.8
2912,Sweden,1997,3.7
2913,Sweden,1998,3.6
2914,Sweden,1999,4.0
2915,Sweden,2000,4.5
2916,Sweden,2001,4.0
2917,Sweden,2002,4.3
2918,Sweden,2003,4.4
2919,Sweden,2004,4.8
2920,Sweden,2005,4.9
2921,Sweden,2006,5.0
2922,Sweden,2008,5.5
2923,Sweden,2009,5.1
2924,Sweden,2010,5.3
2925,Sweden,2011,5.0
2926,Sweden,2012,5.3
2927,Sweden,2013,5.4
2928,Sweden,2014,5.5
2929,Sweden,2015,5.3
2930,Sweden,2016,5.4
2931,Sweden,2017,5.2
2942,Switzerland,1970,7.6
2943,Switzerland,1971,7.2
2944,Switzerland,1972,6.9
2945,Switzerland,1973,6.5
2946,Switzerland,1974,6.1
2947,Switzerland,1975,5.6
2948,Switzerland,1976,5.1
2949,Switzerland,1977,5.3
2950,Switzerland,1978,5.1
2951,Switzerland,1979,5.4
2952,Switzerland,1980,5.7
2953,Switzerland,1981,5.6
2954,Switzerland,1982,5.8
2955,Switzerland,1983,5.9
2956,Switzerland,1984,6.0
2957,Switzerland,1985,6.0
2958,Switzerland,1986,6.2
2959,Switzerland,1987,6.6
2960,Switzerland,1988,6.9
2961,Switzerland,1989,6.8
2962,Switzerland,1990,6.9
2963,Switzerland,1991,7.0
2964,Switzerland,1992,6.6
2965,Switzerland,1993,6.2
2966,Switzerland,1994,6.1
2967,Switzerland,1995,5.8
2968,Switzerland,1996,5.7
2969,Switzerland,1997,5.5
2970,Switzerland,1998,5.4
2971,Switzerland,1999,5.7
2972,Switzerland,2000,5.5
2973,Switzerland,2001,5.0
2974,Switzerland,2002,5.5
2975,Switzerland,2003,5.5
2976,Switzerland,2004,5.3
2977,Switzerland,2005,5.4
2978,Switzerland,2006,5.3
2979,Switzerland,2007,5.3
2980,Switzerland,2008,5.4
2981,Switzerland,2009,5.4
2982,Switzerland,2010,5.5
2983,Switzerland,2011,5.3
2984,Switzerland,2012,5.3
2985,Switzerland,2013,4.9
2986,Switzerland,2014,5.1
2987,Switzerland,2015,5.0
2988,Switzerland,2016,5.0
2989,Switzerland,2017,4.8
3082,United Kingdom,1970,8.5
3083,United Kingdom,1971,8.2
3084,United Kingdom,1972,8.6
3085,United Kingdom,1973,8.1
3086,United Kingdom,1974,7.8
3087,United Kingdom,1975,7.7
3088,United Kingdom,1976,7.2
3089,United Kingdom,1977,7.2
3090,United Kingdom,1978,7.4
3091,United Kingdom,1979,7.4
3092,United Kingdom,1980,7.4
3093,United Kingdom,1981,7.1
3094,United Kingdom,1982,6.9
3095,United Kingdom,1983,6.9
3096,United Kingdom,1984,7.0
3097,United Kingdom,1985,7.0
3098,United Kingdom,1986,7.0
3099,United Kingdom,1987,7.0
3100,United Kingdom,1988,6.9
3101,United Kingdom,1989,6.9
3102,United Kingdom,1990,6.6
3103,United Kingdom,1991,6.1
3104,United Kingdom,1992,6.2
3105,United Kingdom,1993,5.9
3106,United Kingdom,1994,5.7
3107,United Kingdom,1995,5.6
3108,United Kingdom,1996,5.5
3109,United Kingdom,1997,5.3
3110,United Kingdom,1998,5.2
3111,United Kingdom,1999,5.1
3112,United Kingdom,2000,5.2
3113,United Kingdom,2001,4.8
3114,United Kingdom,2002,4.9
3115,United Kingdom,2003,5.2
3116,United Kingdom,2005,4.699999809
3117,United Kingdom,2006,4.5
3118,United Kingdom,2007,4.5
3119,United Kingdom,2008,4.4
3120,United Kingdom,2009,4.3
3121,United Kingdom,2010,4.5
3122,United Kingdom,2011,4.5
3123,United Kingdom,2013,4.3
3124,United Kingdom,2014,4.5
3125,United Kingdom,2015,4.4
3126,United Kingdom,2016,4.4
3177,United States,1970,10.6
3178,United States,1971,10.6
3179,United States,1972,10.9
3180,United States,1973,10.8
3181,United States,1974,10.5
3182,United States,1975,10.0
3183,United States,1976,9.9
3184,United States,1977,9.9
3185,United States,1978,10.3
3186,United States,1979,10.4
3187,United States,1980,10.6
3188,United States,1981,10.6
3189,United States,1982,10.6
3190,United States,1983,10.5
3191,United States,1984,10.5
3192,United States,1985,10.1
3193,United States,1986,10.0
3194,United States,1987,9.9
3195,United States,1988,9.7
3196,United States,1989,9.7
3197,United States,1990,9.8
3198,United States,1991,9.4
3199,United States,1992,9.3
3200,United States,1993,9.0
3201,United States,1994,9.1
3202,United States,1995,8.9
3203,United States,1996,8.800000191
3204,United States,1997,8.899999619
3205,United States,1998,8.399999619
3206,United States,1999,8.600000381
3207,United States,2000,8.300000191
3208,United States,2001,8.199999809
3209,United States,2002,7.800000191
3210,United States,2003,7.699999809
3211,United States,2004,7.800000191
3212,United States,2005,7.599999905
3213,United States,2006,7.5
3214,United States,2007,7.300000191
3215,United States,2008,7.099999905
3216,United States,2009,6.800000191
3217,United States,2010,6.800000191
3218,United States,2011,6.800000191
3219,United States,2012,6.800000191
3220,United States,2013,6.800000191
3221,United States,2014,6.900000095
3222,United States,2015,6.900000095
3223,United States,2016,7.0
3224,United States,2017,6.900000095
3225,United States,2018,6.5
